{
  "[POST]/update-check" : {
    "transaction" : "[POST]/update-check",
    "sampleCount" : 102,
    "errorCount" : 0,
    "errorPct" : 0.0,
    "meanResTime" : 304.343137254902,
    "medianResTime" : 175.5,
    "minResTime" : 89.0,
    "maxResTime" : 1213.0,
    "pct1ResTime" : 1053.6000000000001,
    "pct2ResTime" : 1080.25,
    "pct3ResTime" : 1209.9699999999998,
    "throughput" : 0.1699852679434449,
    "receivedKBytesPerSec" : 0.11445297136748148,
    "sentKBytesPerSec" : 0.060424450714271424
  },
  "Total" : {
    "transaction" : "Total",
    "sampleCount" : 204,
    "errorCount" : 0,
    "errorPct" : 0.0,
    "meanResTime" : 458.1911764705883,
    "medianResTime" : 308.0,
    "minResTime" : 89.0,
    "maxResTime" : 2867.0,
    "pct1ResTime" : 1067.5,
    "pct2ResTime" : 2641.25,
    "pct3ResTime" : 2792.349999999999,
    "throughput" : 0.3398283866647343,
    "receivedKBytesPerSec" : 2.0286988143903995,
    "sentKBytesPerSec" : 0.10868534827412157
  },
  "[GET]/get-data/init" : {
    "transaction" : "[GET]/get-data/init",
    "sampleCount" : 102,
    "errorCount" : 0,
    "errorPct" : 0.0,
    "meanResTime" : 612.0392156862744,
    "medianResTime" : 338.5,
    "minResTime" : 244.0,
    "maxResTime" : 2867.0,
    "pct1ResTime" : 2640.9,
    "pct2ResTime" : 2674.95,
    "pct3ResTime" : 2864.87,
    "throughput" : 0.1701721574993368,
    "receivedKBytesPerSec" : 1.9171999839837968,
    "sentKBytesPerSec" : 0.04835947053936232
  }
}