{
  "[GET]R2" : {
    "transaction" : "[GET]R2",
    "sampleCount" : 204,
    "errorCount" : 0,
    "errorPct" : 0.0,
    "meanResTime" : 94.17647058823523,
    "medianResTime" : 89.0,
    "minResTime" : 57.0,
    "maxResTime" : 535.0,
    "pct1ResTime" : 115.0,
    "pct2ResTime" : 119.75,
    "pct3ResTime" : 494.2999999999996,
    "throughput" : 0.34046473436240465,
    "receivedKBytesPerSec" : 11.052635675822497,
    "sentKBytesPerSec" : 0.20248342111982856
  },
  "[GET]/get-data/updated/{lastSyncDate}" : {
    "transaction" : "[GET]/get-data/updated/{lastSyncDate}",
    "sampleCount" : 102,
    "errorCount" : 0,
    "errorPct" : 0.0,
    "meanResTime" : 1318.5490196078438,
    "medianResTime" : 359.5,
    "minResTime" : 253.0,
    "maxResTime" : 5775.0,
    "pct1ResTime" : 2952.1,
    "pct2ResTime" : 3373.5999999999976,
    "pct3ResTime" : 5740.379999999999,
    "throughput" : 0.1694456303792758,
    "receivedKBytesPerSec" : 1.9092451228314697,
    "sentKBytesPerSec" : 0.05278628524510643
  },
  "[POST]/update-check" : {
    "transaction" : "[POST]/update-check",
    "sampleCount" : 102,
    "errorCount" : 0,
    "errorPct" : 0.0,
    "meanResTime" : 494.578431372549,
    "medianResTime" : 289.0,
    "minResTime" : 88.0,
    "maxResTime" : 1769.0,
    "pct1ResTime" : 1060.4,
    "pct2ResTime" : 1221.0999999999997,
    "pct3ResTime" : 1761.6499999999996,
    "throughput" : 0.16974877181770978,
    "receivedKBytesPerSec" : 0.11417997197481061,
    "sentKBytesPerSec" : 0.06034038373207652
  },
  "Total" : {
    "transaction" : "Total",
    "sampleCount" : 408,
    "errorCount" : 0,
    "errorPct" : 0.0,
    "meanResTime" : 500.3700980392154,
    "medianResTime" : 107.0,
    "minResTime" : 57.0,
    "maxResTime" : 5775.0,
    "pct1ResTime" : 1240.300000000002,
    "pct2ResTime" : 2917.1,
    "pct3ResTime" : 4170.909999999974,
    "throughput" : 0.6755895263753131,
    "receivedKBytesPerSec" : 12.982634358281022,
    "sentKBytesPerSec" : 0.3135487523533863
  }
}